1388577600,43.82,0.92,0.8,13.25
1388664000,45.97,0.85,0,6.99
1388750400,45.05,0.76,0,12.05
1388836800,41.97,0.96,0.33,0.99
1388923200,39.55,0.89,0,5.42
1389009600,50.05,0.77,0.01,11.68
1389096000,47.15,0.84,0.11,10.39
1389182400,46.8,0.88,0,6.54
1389268800,44.44,0.83,0,8.68
1389355200,42.66,0.91,0,5.22
1389441600,42.9,0.8,0,8.09
1389528000,38.2,0.91,0.39,7.23
1389614400,43.71,0.86,0,6.05
1389700800,40.87,0.87,0.08,5.54
1389787200,48.88,0.94,0,6.27
1389873600,45.96,0.85,0,7.32
1389960000,44.29,0.89,0,5.91
1390046400,46.24,0.9,0,8.95
1390132800,43.33,0.84,0,4.91
1390219200,39.41,0.93,0,0.39
1390305600,38.32,0.94,0,4.6
1390392000,44.72,0.94,0,5.09
1390478400,44.19,0.76,0.2,8.37
1390564800,41.66,0.89,0,6.35
1390651200,48.15,0.9,0.12,7.25
1390737600,43.16,0.96,0.67,11.65
1390824000,44.19,0.79,0,8.85
1390910400,43.63,0.9,0,10.47
1390996800,40.65,0.9,0.43,8.6
1391083200,35.09,0.92,0.22,5.2
1391169600,40.04,0.93,0.46,8.66
1391256000,41.37,0.76,0,12.62
1391342400,45.59,0.75,0,7.13
1391428800,44.4,0.8,0,10.45
1391515200,44.22,0.77,0,9.28
1391601600,43.92,0.85,0.77,17.34
1391688000,44.55,0.8,0,5.15
1391774400,44.34,0.81,0.11,8.27
1391860800,45.97,0.68,0,14.61
1391947200,45.39,0.72,0,10.81
1392033600,40.37,0.9,0.54,3
1392120000,35.1,0.96,0.71,3.82
1392206400,43.88,0.88,0.71,17.28
1392292800,42.35,0.72,0,7.96
1392379200,38.99,0.92,0.7,11.16
1392465600,45.26,0.77,0.17,11.18
1392552000,45.49,0.68,0,5.61
1392638400,47.2,0.89,0,8.62
1392724800,48.17,0.89,0.08,5
1392811200,48.68,0.8,0,4.22
1392897600,51.55,0.72,0,6.97
1392984000,45.52,0.72,0,7.85
1393070400,48.8,0.67,0,5.83
1393156800,51.91,0.81,0,11.87
1393243200,47.92,0.8,0,5.5
1393329600,48.05,0.75,0,9.46
1393416000,48.18,0.69,0,7.86
1393502400,45.62,0.75,0.23,8.54
1393588800,39.58,0.93,0.25,4.77
1393675200,44.47,0.75,0,1.12
1393761600,46.86,0.88,0.36,8.53
1393848000,45.39,0.79,0,3.42
1393934400,48.33,0.74,0,5.22
1394020800,48.01,0.77,0,4.44
1394107200,48.64,0.9,0.2,6.5
1394193600,55.77,0.74,0,8.77
1394280000,51.91,0.77,0,8.9
1394366400,58.61,0.57,0,5.84
1394452800,50.66,0.7,0,6.91
1394539200,47.91,0.72,0,5.95
1394625600,42.26,0.92,0,2.75
1394712000,47.91,0.82,0,2.32
1394798400,52.67,0.74,0,4.77
1394884800,56.3,0.54,0,10.08
1394971200,56.92,0.62,0,6.59
1395057600,55.08,0.59,0,4.78
1395144000,50.1,0.85,0.35,7.74
1395230400,53.09,0.69,0,6.65
1395316800,52.45,0.68,0,9.72
1395403200,49.61,0.62,0,7.99
1395489600,46.53,0.62,0,7.35
1395576000,43.92,0.75,0.25,9.26
1395662400,47.98,0.56,0,8.93
1395748800,44.36,0.93,0.55,4.01
1395835200,45.61,0.69,0,5.32
1395921600,45.61,0.72,0,6.91
1396008000,49.34,0.76,0,6.66
1396094400,60.6,0.48,0,15.43
1396180800,59.66,0.62,0,4.62
1396267200,57.02,0.72,0,4.2
1396353600,56.26,0.74,0,2.49
1396440000,53.51,0.85,0,7.18
1396526400,49.31,0.92,0,6.44
1396612800,54.78,0.75,0.12,3.72
1396699200,54.88,0.85,0,6.64
1396785600,57.73,0.85,0,9.85
1396872000,55.73,0.9,0,9.23
1396958400,50.46,0.6,0,9.93
1397044800,57.52,0.61,0,5.57
1397131200,55.43,0.58,0,3
1397217600,55.36,0.53,0,2.91
1397304000,51.62,0.68,0,6.57
1397390400,54.16,0.58,0,6.55
1397476800,54.91,0.54,0,6.17
1397563200,55.38,0.5,0,2.79
1397649600,56.31,0.55,0,4.91
1397736000,55.23,0.7,0,8.12
1397822400,52.56,0.49,0,4.25
1397908800,49.91,0.59,0,6.17
1397995200,51.92,0.84,0,7.88
1398081600,59.15,0.76,0,4.68
1398168000,53.66,0.86,0,4.74
1398254400,57.91,0.67,0,8.12
1398340800,54.63,0.77,0,1.63
1398427200,48.61,0.94,0.75,4.5
1398513600,56.9,0.63,0,8.61
1398600000,54.61,0.73,0,5.51
1398686400,58.29,0.69,0,3.77
1398772800,57.12,0.76,0,2.02
1398859200,63.65,0.59,0,3.37
1398945600,54.03,0.87,0.54,1.58
1399032000,51.84,0.63,0,5.79
1399118400,54.13,0.45,0,0.98
1399204800,59.19,0.55,0,4.03
1399291200,59.42,0.61,0,6.51
1399377600,60.21,0.58,0,5.29
1399464000,55.83,0.65,0,8.41
1399550400,55.07,0.95,0.65,3.65
1399636800,56.76,0.61,0,9.84
1399723200,55.97,0.77,0.43,9.31
1399809600,53.58,0.73,0,11.61
1399896000,51.87,0.8,0.47,4.32
1399982400,55.56,0.71,0.13,4.81
1400068800,62.1,0.53,0,5.57
1400155200,64.52,0.58,0,0.37
1400241600,68.59,0.57,0,2.03
1400328000,69.58,0.46,0,3.21
1400414400,70.52,0.53,0,7.11
1400500800,73.65,0.49,0,8.39
1400587200,65.34,0.68,0,4.54
1400673600,65.02,0.46,0,2.63
1400760000,57.5,0.74,0.02,4.4
1400846400,56.22,0.72,0,7.49
1400932800,54.02,0.92,0.7,3.87
1401019200,57.34,0.69,0,5.64
1401105600,59.2,0.66,0,3.01
1401192000,58.27,0.76,0.17,5.18
1401278400,53.57,0.95,0.6,5.39
1401364800,56.33,0.93,0,3.6
1401451200,57.28,0.74,0,4.7
1401537600,62.23,0.65,0,2
1401624000,67.69,0.51,0,2.14
1401710400,63.76,0.71,0,3.54
1401796800,62.73,0.68,0,3.24
1401883200,54.17,0.89,0.7,2.27
1401969600,61.6,0.53,0,6.77
1402056000,67.16,0.51,0,5.97
1402142400,59.43,0.94,0.74,2.36
1402228800,68.9,0.57,0,5.23
1402315200,66.46,0.8,0.11,2.24
1402401600,66.97,0.56,0,5.59
1402488000,64.49,0.64,0,3.74
1402574400,70.44,0.53,0,2.23
1402660800,73.41,0.54,0,4.06
1402747200,68.58,0.69,0,4.17
1402833600,62.59,0.77,0,3.63
1402920000,62.12,0.63,0,5.4
1403006400,64.09,0.67,0,6.45
1403092800,64.38,0.78,0,2.21
1403179200,65.43,0.72,0,5.36
1403265600,69.89,0.57,0,2.07
1403352000,67.39,0.54,0,4.5
1403438400,71.76,0.55,0,0.52
1403524800,72.83,0.59,0,1.99
1403611200,67.4,0.62,0,4.12
1403697600,66.17,0.5,0,3.17
1403784000,65.39,0.52,0,5.38
1403870400,59.19,0.88,0.36,1.84
1403956800,56.88,0.86,0.19,4.65
1404043200,60.73,0.67,0,6.37
1404129600,65.22,0.56,0,3.14
1404216000,69.37,0.49,0,2.91
1404302400,72.69,0.48,0,3.17
1404388800,70.67,0.64,0,5.37
1404475200,69.21,0.67,0,5.91
1404561600,64.61,0.65,0,2.93
1404648000,66.04,0.53,0,3.45
1404734400,67.63,0.51,0,3.19
1404820800,62.91,0.71,0.25,3.77
1404907200,66.96,0.65,0,8.99
1404993600,71.78,0.52,0,6.88
1405080000,70.06,0.58,0,5.78
1405166400,76.91,0.48,0,1.69
1405252800,65.57,0.69,0,5.39
1405339200,69.05,0.57,0,4.07
1405425600,66.24,0.56,0,4.51
1405512000,70.75,0.68,0,4.04
1405598400,74.01,0.58,0,2.68
1405684800,75.06,0.72,0,6.33
1405771200,67.17,0.95,0.76,2.86
1405857600,72.18,0.71,0,4.26
1405944000,74.31,0.56,0,4.67
1406030400,75.46,0.54,0,3.83
1406116800,75.75,0.59,0,6.79
1406203200,75.55,0.61,0,5.33
1406289600,77.43,0.54,0,5.22
1406376000,78.77,0.45,0,1.14
1406462400,70.21,0.53,0,3.31
1406548800,71.47,0.51,0,3.34
1406635200,72.83,0.55,0,4.05
1406721600,67.9,0.62,0,4.47
1406808000,72.1,0.58,0,4.25
1406894400,70.75,0.64,0,5.27
1406980800,62.27,0.94,0.68,4.05
1407067200,68.79,0.55,0,5.6
1407153600,69.81,0.52,0,2.71
1407240000,62.07,0.88,0.67,3.42
1407326400,71.63,0.66,0,5.23
1407412800,69.49,0.57,0,1.52
1407499200,73.54,0.57,0,1.96
1407585600,69.17,0.53,0,5.38
1407672000,58.32,0.95,0.85,1.96
1407758400,66.4,0.56,0,6.69
1407844800,64.39,0.55,0,5.92
1407931200,64.15,0.66,0,6.12
1408017600,64.58,0.71,0.17,2.72
1408104000,64.82,0.63,0,2.65
1408190400,62.76,0.61,0,5.13
1408276800,63.79,0.56,0,7.84
1408363200,60.94,0.71,0.28,5.48
1408449600,58.3,0.63,0.2,7.8
1408536000,59.4,0.61,0.14,3.97
1408622400,60.68,0.59,0,4.83
1408708800,60.97,0.64,0,4.52
1408795200,59.04,0.61,0.08,5.39
1408881600,61.36,0.6,0,3.7
1408968000,56.95,0.96,0.63,5.08
1409054400,59.88,0.86,0,8.84
1409140800,64.61,0.64,0.08,6.51
1409227200,65.84,0.72,0,6.59
1409313600,64.31,0.72,0,7.25
1409400000,62.99,0.71,0,6.67
1409486400,64.5,0.67,0,5.38
1409572800,62.66,0.89,0.28,4.05
1409659200,67.76,0.54,0,2.56
1409745600,67.67,0.72,0,3.63
1409832000,66.35,0.7,0,4.77
1409918400,67.64,0.66,0,1.94
1410004800,64.54,0.77,0,3.32
1410091200,64.32,0.54,0,3.81
1410177600,64.52,0.57,0,2.65
1410264000,67.17,0.58,0,0.98
1410350400,67.8,0.62,0,2.63
1410436800,64.67,0.58,0,2.9
1410523200,64.45,0.69,0,4.02
1410609600,65.83,0.63,0,4.49
1410696000,64.62,0.67,0,4.99
1410782400,63.33,0.8,0,3.27
1410868800,65.89,0.75,0,4.81
1410955200,65.42,0.74,0,5.08
1411041600,66.41,0.82,0,4.38
1411128000,60.6,0.94,0.29,3.07
1411214400,61.37,0.91,0.13,3.11
1411300800,62.54,0.59,0,5.4
1411387200,64.45,0.58,0,3.21
1411473600,62.95,0.69,0,4.38
1411560000,59.49,0.68,0.1,8.05
1411646400,63.74,0.7,0,5.53
1411732800,66.87,0.62,0,5.12
1411819200,64.94,0.69,0,2.32
1411905600,69.45,0.64,0,2.05
1411992000,66.96,0.74,0,2.35
1412078400,65.34,0.72,0,4.11
1412164800,64.95,0.69,0,4.5
1412251200,60.81,0.76,0,2.1
1412337600,63.83,0.74,0,5.34
1412424000,51.39,0.88,0.55,5.48
1412510400,57.31,0.68,0,3.52
1412596800,51.9,0.94,0.72,7.44
1412683200,51.24,0.78,0.2,6.59
1412769600,57,0.91,0.23,4.99
1412856000,53.91,0.87,0.59,5.03
1412942400,59.48,0.7,0,4.14
1413028800,55.21,0.89,0,1.74
1413115200,51.18,0.91,0,1.34
1413201600,52.01,0.93,0.67,8.38
1413288000,52.17,0.93,0.44,5.11
1413374400,56.01,0.86,0,4.76
1413460800,58.93,0.85,0.07,2.58
1413547200,62.68,0.81,0,4.44
1413633600,64.29,0.8,0,6.53
1413720000,63.98,0.64,0,7.09
1413806400,56.09,0.82,0,4.29
1413892800,52.9,0.62,0.04,10.63
1413979200,53.39,0.72,0,5.24
1414065600,57.79,0.86,0,5.04
1414152000,59.13,0.89,0.16,3.87
1414238400,54.69,0.86,0,5.22
1414324800,56.14,0.77,0,6.07
1414411200,58.77,0.85,0,5.44
1414497600,64.2,0.72,0,6.95
1414584000,50.71,0.93,0,3.75
1414670400,62.09,0.9,0.01,4.42
1414756800,63.51,0.83,0,4.44
1414843200,57.71,0.74,0,4.29
1414929600,55.16,0.84,0,3.11
1415016000,50.39,0.74,0,4.07
1415102400,45.63,0.87,0.03,0.95
1415188800,49.43,0.76,0,5.19
1415275200,48.18,0.81,0,5.81
1415361600,50.62,0.92,0.6,5.48
1415448000,49.92,0.96,0.79,5.81
1415534400,50.42,0.85,0,3.01
1415620800,48.74,0.92,0,4.22
1415707200,50.35,0.88,0.4,6.37
1415793600,49.91,0.92,0.37,5.84
1415880000,52.65,0.87,0,8.82
1415966400,53.31,0.91,0.22,3.52
1416052800,48.55,0.96,0,0.25
1416139200,48.98,0.96,0,3.03
1416225600,46.33,0.95,0.11,5.93
1416312000,50.43,0.88,0,3.12
1416398400,48.34,0.93,0,4.29
1416484800,47.33,0.9,0,2.55
1416571200,45.66,0.9,0.16,6.62
1416657600,56.21,0.96,0.6,3.42
1416744000,46.06,0.94,0,2.39
1416830400,42.3,0.9,0,0.8
1416916800,36.43,0.94,0.17,1.51
1417003200,45.36,0.97,0.28,2.62
1417089600,46.02,0.96,0.06,1.21
1417176000,51.16,0.92,0,3.84
1417262400,49.8,0.95,0,3.5
1417348800,50.05,0.91,0.09,6.13
1417435200,44.38,0.91,0,2.69
1417521600,44.93,0.73,0,8
1417608000,41.59,0.75,0,5.37
1417694400,40.79,0.9,0,1.29
1417780800,42.87,0.86,0.23,5.32
1417867200,40.91,0.87,0,1.72
1417953600,44.79,0.78,0.14,8.16
1418040000,41.6,0.73,0.09,5.98
1418126400,39.55,0.87,0,4.91
1418212800,44.15,0.7,0,6.02
1418299200,41.14,0.83,0.34,7.2
1418385600,39.23,0.87,0,3.42
1418472000,39.4,0.86,0,3.11
1418558400,44.65,0.86,0,6.32
1418644800,43.37,0.87,0,3.93
1418731200,44.03,0.82,0,4.61
1418817600,53.37,0.87,0,5.66
1418904000,55.79,0.83,0,9.8
1418990400,45.69,0.73,0,8.39
1419076800,46.87,0.73,0,7.31
1419163200,48.27,0.84,0,5.86
1419249600,53.84,0.84,0,8.77
1419336000,51.62,0.87,0.1,6.81
1419422400,43.93,0.72,0,5.61
1419508800,43.77,0.77,0,5.03
1419595200,38.07,0.92,0,2.77
1419681600,37.47,0.91,0.3,4.06
1419768000,36.62,0.87,0.23,2.41
1419854400,37.82,0.88,0.13,2.25
1419940800,36.86,0.91,0.46,3
1420027200,41.63,0.92,0.3,3.7
1420113600,51.93,0.88,0,7.2
1420200000,45.19,0.64,0,7.63
1420286400,38.19,0.96,0.8,2.83
1420372800,32.81,0.97,0.07,2.01
1420459200,44.51,0.94,0,3.11
1420545600,44.35,0.87,0.68,6.31
1420632000,44.17,0.86,0.49,7.43
1420718400,44.73,0.9,0.13,4.8
1420804800,51.72,0.67,0,7.16
1420891200,46.09,0.63,0.08,12.01
1420977600,44.7,0.69,0,6.76
1421064000,50.88,0.88,0.27,6.6
1421150400,41.04,0.77,0.03,3.95
1421236800,37.75,0.79,0.33,5.22
1421323200,42.13,0.82,0.46,6.64
1421409600,41.82,0.77,0,4.95
1421496000,38.1,0.87,0,4.86
1421582400,36.35,0.88,0,2.55
1421668800,35.64,0.79,0,2.14
1421755200,34.18,0.83,0,3.54
1421841600,37.81,0.94,0,3.62
1421928000,37.22,0.87,0,1.68
1422014400,34.69,0.85,0,4.72
1422100800,41.8,0.75,0,6.7
1422187200,44.55,0.79,0,4.99
1422273600,45.16,0.72,0,8.16
1422360000,44.96,0.84,0,3.76
1422446400,41.72,0.74,0.58,11.68
1422532800,37.59,0.87,0.19,6.56
1422619200,38.94,0.88,0.73,5.19
1422705600,39.97,0.77,0.32,9.08
1422792000,38.55,0.65,0,9.78
1422878400,34.65,0.78,0,4.18
1422964800,38.02,0.77,0,6.46
1423051200,38.01,0.71,0,5.81
